pos_x,pos_y,pos_z,quat_x,quat_y,quat_z,quat_w
-2.554485321044922,-3.7186875343322754,0.17281241714954376,-0.003613674084046594,0.0014887574104896115,-0.032571126676067486,0.9994618097770933